EventTime;Origin;Destination
2020.7821499999998;UNKNOWN;India
2020.5351799999999;UNKNOWN;India
2021.41754;Australia;South Africa
2021.5651899999998;South Africa;Turkey
2021.10766;South Africa;India
2021.4036999999998;Australia;South Africa
2021.5404999999998;Bangladesh;South Africa
2021.483;India;USA
2021.0528599999998;India;USA
2021.3898499999998;India;Bahrain
2021.09134;India;USA
2021.42547;USA;India
2021.2131499999998;USA;Turkey
2021.3104099999998;USA;Australia
2021.32684;USA;South Korea
2021.22831;USA;Angola
2021.2967099999998;USA;Kenya
2021.3679399999999;USA;Turkey
2021.28849;USA;Netherlands
2021.29945;USA;India
2021.3104099999998;USA;Israel
2021.2358599999998;USA;Aruba
2021.2008199999998;USA;Hong Kong
2021.21347;USA;India
2021.2966999999999;India;Netherlands
2021.4008099999999;India;Qatar
2021.283;India;Argentina
2021.19807;India;Germany
2021.1816299999998;India;Australia
2021.27478;India;Canada
2021.2024;India;Spain
2021.1119999999999;India;USA
2021.50766;USA;Sint Maarten
2021.31314;USA;Australia
2021.2994399999998;USA;Canada
2021.4172399999998;Bangladesh;South Africa
2021.3186199999998;South Africa;Australia
2021.3706799999998;USA;Netherlands
2021.31314;USA;Rwanda
2021.2966999999999;USA;Japan
2021.30766;USA;Canada
2021.3761499999998;USA;Canada
2021.2387899999999;USA;Iran
2021.4857399999999;Iran;Rwanda
2021.2802599999998;USA;Italy
2021.2775199999999;USA;Vietnam
2021.4665599999998;USA;Chile
2021.3103999999998;USA;Canada
2021.3103999999998;USA;Vietnam
2021.5323199999998;USA;Netherlands
2021.3240899999998;USA;Norway
2021.3323099999998;USA;India
2021.26382;USA;United Kingdom
2021.2505899999999;USA;Netherlands
2021.3186099999998;Netherlands;Turkey
2021.2857399999998;Netherlands;Singapore
2021.2367;USA;France
2021.4473799999998;France;Bangladesh
2021.33505;France;Austria
2021.2560099999998;France;Oman
2021.30766;Oman;Australia
2021.34601;Oman;Japan
2021.1876699999998;India;Turkey
2021.4394399999999;Bangladesh;South Africa
2021.3022099999998;Bosnia and Herzegovina;South Africa
2021.4336899999998;India;Turkey
2021.23599;India;Turkey
2021.45285;Turkey;Uzbekistan
2021.4747699999998;India;Greece
2021.42546;Canada;South Africa
2021.4540399999998;China;South Africa
2021.3327599999998;Germany;South Africa
2021.51038;Hong Kong;South Africa
2021.4528599999999;South Africa;Uzbekistan
2020.8135499999999;India;South Africa
2021.41449;South Africa;Sri Lanka
2021.45285;South Africa;Uzbekistan
2021.47751;South Africa;Botswana
2021.43915;India;Bangladesh
2021.16519;India;South Africa
2021.39807;India;South Africa
2021.49669;India;USA
2021.43095;India;South Africa
2021.4528599999999;India;Uzbekistan
2021.4172399999998;India;United Kingdom
2021.3706699999998;India;USA
2021.3487499999999;India;South Africa
2021.2966999999999;South Africa;Finland
2021.2712999999999;South Africa;Botswana
2021.32683;India;Botswana
2021.4281899999999;India;Turkey
2021.2610799999998;India;South Africa
2021.2693;India;Finland
2021.4967;India;South Africa
2021.2939499999998;India;Iran
2021.51587;India;South Africa
2021.3323099999998;South Africa;Germany
2021.24464;India;Canada
2021.27732;India;South Africa
2021.2939499999998;India;Indonesia
2021.2939399999998;India;Spain
2021.0006099999998;India;South Africa
2021.0348299999998;India;Canada
2021.23641;Canada;Sri Lanka
2021.16383;India;Indonesia
2021.4610699999998;India;Kenya
2021.45833;India;South Africa
2021.27751;India;USA
2021.2610699999998;India;Singapore
2021.28847;India;Australia
2021.31038;India;Angola
2021.3166399999998;India;Italy
2021.3103899999999;India;Indonesia
2021.2720299999999;India;Germany
2021.45833;India;South Africa
2021.25833;India;Australia
2021.3240899999998;India;Qatar
2021.35556;India;Germany
2021.34052;India;Qatar
2020.98985;India;Indonesia
2021.40629;India;Bahrain
2021.0113199999998;India;USA
2021.5651799999998;USA;Hong Kong
2021.2994299999998;India;Czech Republic
2021.0553499999999;India;Mexico
2021.1303699999999;Mexico;USA
2021.46382;USA;Curacao
2021.3624499999999;India;South Africa
2021.483;South Africa;Nepal
2021.2994299999998;South Africa;Japan
2021.38711;South Africa;Nepal
2021.2302499999998;South Africa;Kenya
2021.1283899999999;South Africa;USA
2021.2587199999998;USA;Greece
2021.2994299999998;USA;Sint Maarten
2021.1568;USA;Kenya
2021.5049;Kenya;South Sudan
2021.07416;India;South Africa
2021.4802399999999;Kenya;South Sudan
2021.34601;India;Oman
2021.23975;India;Qatar
2021.2837599999998;Qatar;Denmark
2021.2779199999998;India;Spain
2021.4994399999998;Spain;Netherlands
2021.4884699999998;Spain;Malta
2021.49121;Spain;Malta
2021.4610699999998;Spain;Netherlands
2021.5131299999998;Spain;Aruba
2021.4994299999998;Spain;Croatia
2021.5268299999998;Spain;Slovakia
2021.4472999999998;Spain;Czech Republic
2021.4884699999998;Czech Republic;Bonaire
2021.26382;India;Austria
2021.1772799999999;India;Romania
2021.2939499999998;India;Italy
2021.2939399999998;India;Ireland
2021.32956;India;Portugal
2021.2857199999999;India;South Korea
2021.38709;India;Nepal
2021.2939399999998;India;Japan
2021.2389199999998;India;Canada
2021.2912199999998;India;Germany
2021.2419;India;Canada
2021.4090199999998;India;New Zealand
2021.33505;India;Canada
2021.40628;India;Pakistan
2021.4802699999998;India;South Africa
2021.33116;India;Denmark
2021.4418899999998;India;Austria
2021.41175;India;Norway
2021.2719599999998;India;Luxembourg
2021.56244;India;Japan
2021.2735799999998;India;Czech Republic
2021.2912199999998;India;Maldives
2021.3103999999998;India;New Zealand
2021.1898899999999;India;China
2021.24464;India;Bahrain
2021.2912199999998;India;Australia
2021.38437;India;France
2021.2693;India;USA
2021.4555999999998;India;Nepal
2021.3871;India;Qatar
2021.4281999999998;India;Maldives
2021.2233199999998;India;South Korea
2021.2481699999998;India;Ireland
2021.28847;Ireland;Austria
2021.43094;India;Morocco
2021.1895599999998;India;Canada
2021.4473799999998;Canada;United Arab Emirates
2021.4473799999998;Canada;United Arab Emirates
2021.2093599999998;Canada;Denmark
2021.2857399999998;Canada;United Kingdom
2021.2720399999998;Canada;Oman
2020.8721799999998;India;South Africa
2021.38711;Canada;Qatar
2021.2857399999998;India;Uganda
2021.2857399999998;India;United Kingdom
2021.27478;India;Canada
2021.25012;India;Denmark
2021.2994399999998;India;Russia
2021.4720399999999;India;Japan
2021.3569699999998;India;South Sudan
2021.3058299999998;India;Pakistan
2021.2888799999998;India;Malaysia
2021.38711;Malaysia;New Zealand
2021.38539;India;Ireland
2021.4693;Ireland;Bosnia and Herzegovina
2021.4693;Ireland;Bosnia and Herzegovina
2021.1882099999998;India;Germany
2021.2720399999998;Germany;Slovenia
2021.0029499999998;India;South Africa
2021.2419;India;Bahrain
2021.28299;India;Singapore
2021.3278099999998;India;Romania
2021.30684;India;Thailand
2021.4227099999998;India;Nepal
2021.36512;India;Democratic Republic of the Congo
2021.2665499999998;India;Singapore
2021.3761399999999;India;Maldives
2021.27751;India;Singapore
2021.29668;India;Romania
2021.28298;India;China
2021.1044399999998;India;Finland
2021.28299;Finland;Philippines
2021.23641;Finland;Switzerland
2021.3185999999998;India;Philippines
2021.2802499999998;India;Switzerland
2021.3049099999998;India;Germany
2021.46381;India;Bangladesh
2021.19374;India;South Africa
2021.2720299999999;India;Israel
2021.28299;India;Switzerland
2021.32683;India;Botswana
2021.0901999999999;India;Bangladesh
2021.2610699999998;Bangladesh;France
2021.3651699999998;Bangladesh;India
2021.2720299999999;Bangladesh;Indonesia
2021.4829799999998;Bangladesh;South Korea
2021.2635999999998;Bangladesh;Australia
2021.4802399999999;Australia;Nepal
2021.2336699999998;Bangladesh;India
2021.3953099999999;India;South Africa
2021.23913;Bangladesh;India
2021.29119;India;Italy
2021.37612;Italy;Bangladesh
2021.27478;India;Mexico
2021.54327;India;Turkey
2021.2994299999998;India;Portugal
2021.13485;India;United Kingdom
2021.2912099999999;United Kingdom;Ireland
2021.2720399999998;India;Singapore
2021.2506299999998;India;Hong Kong
2021.29396;India;Sweden
2021.44464;India;Switzerland
2021.1761;India;Germany
2021.4390799999999;Germany;Kenya
2021.54874;India;Turkey
2021.1264099999999;India;Switzerland
2021.51039;India;Bangladesh
2021.2939499999998;India;Botswana
2021.17032;India;Bangladesh
2021.48299;India;South Africa
2021.5131299999998;India;Bangladesh
2021.28903;India;Philippines
2021.3186099999998;India;Belgium
2021.3103899999999;India;Ireland
2021.2939499999998;India;Israel
2021.32135;India;Portugal
2021.283;India;Australia
2021.15548;India;Ireland
2021.30765;Ireland;Australia
2021.18851;Ireland;Qatar
2021.33505;Qatar;Switzerland
2021.19697;Qatar;Japan
2021.2994299999998;Japan;Switzerland
2021.32135;Japan;Austria
2021.4555899999998;India;South Africa
2021.28848;Japan;Australia
2021.2912199999998;Japan;Norway
2021.30217;Japan;Spain
2021.3323099999998;Japan;Bangladesh
2021.2419;Japan;New Zealand
2021.26382;New Zealand;Switzerland
2021.2665599999998;Switzerland;Portugal
2021.2720399999998;Portugal;Germany
2021.283;Germany;Qatar
2021.3816299999999;Qatar;Romania
2021.3049099999998;India;Malaysia
2021.2610799999998;India;USA
2021.2939499999998;India;Italy
2021.32683;India;Botswana
2021.1034399999999;India;Russia
2021.2432;India;Hong Kong
2021.25559;India;Luxembourg
2021.1816199999998;India;Germany
2021.2528499999999;Germany;Australia
2021.2630299999998;India;South Korea
2021.30217;India;Netherlands
2021.4528599999999;India;Uzbekistan
2021.28928;India;Australia
2021.4528699999998;Australia;Sweden
2021.43095;Australia;Greece
2021.0815899999998;India;France
2021.2610799999998;France;Japan
2021.2583399999999;France;Hong Kong
2021.31587;India;Bangladesh
2021.14222;India;Romania
2021.1743199999999;India;Uganda
2021.2685399999998;Uganda;Pakistan
2021.14981;India;Poland
2021.2857299999998;India;South Korea
2021.2090199999998;India;Japan
2021.2693;India;Netherlands
2021.27478;India;Qatar
2021.2611599999998;India;Singapore
2021.4281999999998;India;Albania
2021.3103899999999;India;South Korea
2021.2610799999998;India;Sweden
2021.1529799999998;India;Italy
2021.35971;Italy;Pakistan
2021.40628;Italy;Japan
2021.2693;Italy;Germany
2021.29669;Italy;Bangladesh
2021.2656299999999;Italy;Bangladesh
2021.5076499999998;Bangladesh;Poland
2021.3185999999998;Italy;Qatar
2021.3268199999998;Italy;Singapore
2021.38159;Italy;Uzbekistan
2021.24975;Italy;Denmark
2021.4281999999998;Denmark;Bangladesh
2021.2524899999999;Denmark;Australia
2021.3761499999998;Australia;Bangladesh
2021.0429;India;South Africa
2021.3788699999998;South Africa;Bangladesh
2021.2939499999998;India;Italy
2021.28847;India;South Korea
2021.1898399999998;India;Canada
2021.32135;India;Qatar
2021.1953199999998;India;United Kingdom
2021.2391599999999;India;Sweden
2021.3103899999999;India;Nepal
2021.28848;India;Poland
2021.45012;India;Uganda
2021.27587;India;Russia
2021.29669;Russia;Philippines
2021.1839699999998;India;United Kingdom
2021.29669;United Kingdom;Kenya
2021.3131299999998;United Kingdom;France
2021.2466699999998;India;China
2021.32074;China;Myanmar
2021.48848;Myanmar;China
2021.28847;India;Denmark
2021.28847;India;USA
2021.24902;India;France
2021.20085;India;Sweden
2021.2583399999999;India;Norway
2021.30765;India;Hong Kong
2021.1699899999999;India;Germany
2021.2939499999998;Germany;Italy
2021.3706599999998;Germany;Pakistan
2021.27751;Germany;Morocco
2021.49121;Morocco;Gambia
2021.59532;Germany;Denmark
2021.283;Germany;France
2021.2720399999998;India;Japan
2021.29396;India;Singapore
2021.37341;India;Norway
2021.2324899999999;India;New Zealand
2021.4282099999998;New Zealand;Nepal
2021.30767;New Zealand;Czech Republic
2021.29396;India;Ireland
2021.2505299999998;India;Netherlands
2021.3761499999998;India;Slovenia
2021.41176;India;South Africa
2021.3898399999998;India;Pakistan
2021.1831699999998;India;Germany
2021.3843599999998;Germany;France
2021.3639899999998;Germany;Slovakia
2021.4884699999998;Germany;Kuwait
2021.27477;Germany;Italy
2021.28846;Germany;Belgium
2021.45285;Germany;Romania
2021.2939399999998;Germany;Italy
2021.21723;Germany;Greece
2021.21723;Greece;United Kingdom
2021.3843499999998;Germany;Pakistan
2021.2393;India;South Africa
2021.2621599999998;Germany;Japan
2021.3377799999998;Japan;Switzerland
2021.21789;Germany;Romania
2021.25559;Romania;Sweden
2021.2561899999998;Romania;China
2021.2720299999999;Romania;Singapore
2021.2720199999999;Romania;Hong Kong
2021.2802399999998;Romania;Norway
2021.28298;Romania;Qatar
2021.2939399999998;Romania;Belgium
2021.3076399999998;Romania;Germany
2021.3596899999998;Romania;Norway
2021.2528399999999;Romania;Belgium
2021.28846;Belgium;Jordan
2021.2994199999998;Jordan;Kosovo
2021.3131199999998;Kosovo;Romania
2021.3843599999998;India;South Africa
2021.3186199999998;South Africa;Spain
2021.23642;South Africa;Russia
2021.3761499999998;South Africa;Nepal
2021.24257;South Africa;Pakistan
2021.2604999999999;South Africa;Qatar
2021.36793;Qatar;Luxembourg
2021.2556;South Africa;Belgium
2021.4528599999999;South Africa;Turkey
2021.2412599999998;South Africa;France
2021.2653799999998;South Africa;Qatar
2021.2796099999998;South Africa;Democratic Republic of the Congo
2021.52136;Democratic Republic of the Congo;Guadeloupe
2021.31548;Democratic Republic of the Congo;Rwanda
2021.40629;Rwanda;Canada
2021.5049199999999;Democratic Republic of the Congo;Denmark
2021.4747799999998;Democratic Republic of the Congo;Republic of the Congo
2021.46382;Democratic Republic of the Congo;Lebanon
2021.39807;Democratic Republic of the Congo;Senegal
2021.45561;Democratic Republic of the Congo;Republic of the Congo
2021.38437;Democratic Republic of the Congo;Belgium
2021.4090299999998;Democratic Republic of the Congo;Belgium
2021.4555999999998;Democratic Republic of the Congo;Republic of the Congo
2021.4035399999998;Democratic Republic of the Congo;France
2021.4418999999998;France;Switzerland
2021.4747799999998;Democratic Republic of the Congo;Republic of the Congo
2021.2720399999998;South Africa;Hong Kong
2021.4802599999998;South Africa;Ghana
2021.2674599999998;South Africa;Brazil
2021.3295699999999;South Africa;USA
2021.2682499999999;South Africa;Thailand
2021.5131299999998;Thailand;Cambodia
2021.5076499999998;Thailand;Cambodia
2021.51039;Thailand;Cambodia
2021.5185999999999;Thailand;Cambodia
2021.3713099999998;Thailand;Cambodia
2021.4364099999998;Cambodia;Thailand
2021.51587;Thailand;China
2021.5596999999998;Thailand;Hong Kong
2021.4912199999999;Thailand;Cambodia
2021.41205;Thailand;Cambodia
2021.5405199999998;Cambodia;Thailand
2021.39806;Thailand;Portugal
2021.3150199999998;Thailand;Cambodia
2021.34053;Cambodia;Thailand
2021.4994299999998;Cambodia;Thailand
2021.3624399999999;Cambodia;Thailand
2021.29669;India;Qatar
2021.3597;Qatar;Germany
2021.43914;India;Bangladesh
2021.3131299999998;India;South Africa
2021.2720299999999;South Africa;Ghana
2021.3487499999999;South Africa;Bangladesh
2021.2281999999998;South Africa;India
2021.52461;South Africa;Cambodia
2021.29669;South Africa;Kenya
2021.14564;South Africa;India
2021.3185999999998;India;Finland
2021.27751;India;Finland
2021.5076499999998;South Africa;Mexico
2021.29198;South Africa;Mexico
2021.3761299999999;South Africa;France
2021.3706499999998;South Africa;Israel
2021.4692799999998;South Africa;Bahrain
2021.52408;South Africa;Mexico
2021.15842;South Africa;Israel
2021.2090099999998;Israel;USA
2021.4227099999998;South Africa;Switzerland
2021.5049099999999;South Africa;Slovenia
2021.3953199999999;South Africa;Australia
2021.1761399999998;South Africa;USA
2021.56792;South Africa;Belgium
2021.2939399999998;South Africa;Malawi
2021.2720299999999;South Africa;Ghana
2021.29669;South Africa;Kenya
2021.25011;South Africa;Sweden
2021.4473699999999;South Africa;Mexico
2021.2857299999998;South Africa;Germany
2021.40627;South Africa;Romania
2021.2881499999999;South Africa;Bangladesh
2021.19806;South Africa;India
2021.2802399999998;South Africa;India
2021.3706599999998;South Africa;New Zealand
2021.2798599999999;South Africa;Spain
2021.21258;South Africa;Bahrain
2021.3322999999998;South Africa;Belgium
2021.16995;South Africa;France
2021.26381;France;Netherlands
2021.52408;Netherlands;Aruba
2021.3761299999999;France;Germany
2021.22749;France;Israel
2021.5542099999998;France;Poland
2021.4687499999998;France;Romania
2021.1895299999999;South Africa;Mexico
2021.30181;Mexico;Peru
2021.4994299999998;Peru;Chile
2021.2344199999998;South Africa;Bahrain
2021.4035399999998;Bahrain;New Zealand
2021.2317099999998;South Africa;Mexico
2021.57613;Mexico;New Zealand
2021.5843499999999;Mexico;Brazil
2021.2912;Mexico;USA
2021.2112699999998;South Africa;Bahrain
2021.2277399999998;South Africa;Mexico
2021.3131199999998;Mexico;USA
2021.2914999999998;Mexico;Turkey
2021.4281899999999;Turkey;France
2021.44463;Turkey;Sri Lanka
2021.32179;Turkey;Sweden
2021.4473699999999;Sweden;Turkey
2021.32973;Sweden;Hong Kong
2021.3734;Hong Kong;Slovenia
2021.1345299999998;India;South Africa
2021.45833;Mexico;Costa Rica
2021.4747699999998;Mexico;Colombia
2021.51587;Mexico;Hong Kong
2021.5104;Mexico;France
2021.28847;South Africa;USA
2021.5323099999998;South Africa;Pakistan
2021.3843599999998;South Africa;Slovenia
2021.46381;South Africa;Mexico
2021.5268299999998;South Africa;USA
2021.3706599999998;South Africa;Slovenia
2021.3514799999998;South Africa;Switzerland
2021.33505;South Africa;Hong Kong
2021.36519;Hong Kong;Slovenia
2021.0224999999998;South Africa;Singapore
2020.8995699999998;South Africa;Italy
2021.40079;Italy;Switzerland
2020.99257;South Africa;Italy
2021.35694;South Africa;USA
2021.2857099999999;South Africa;Australia
2021.55694;South Africa;Romania
2021.1423499999999;South Africa;Nepal
2021.43367;Nepal;Ghana
2020.84916;India;South Africa
2021.5076299999998;India;South Africa
2021.28846;Nepal;Hong Kong
2021.32955;Nepal;Georgia
2021.29668;Nepal;Germany
2021.2994199999998;Nepal;Japan
2021.45284;Nepal;Bahrain
2021.3076399999998;Nepal;Denmark
2021.31586;Nepal;New Zealand
2021.43367;Nepal;Japan
2021.3706499999998;Nepal;Netherlands
2021.3761299999999;Nepal;Belgium
2021.43366;India;South Africa
2021.2720199999999;Nepal;Sweden
2021.53504;Sweden;Denmark
2021.12386;South Africa;India
2021.51037;India;South Africa
2021.19804;India;Germany
2021.3076299999998;India;USA
2021.31037;India;Barbados
2021.23092;India;Bahrain
2021.4035299999998;India;South Africa
2021.29062;India;Spain
2021.3267999999998;Spain;Denmark
2021.36645;India;South Africa
2021.2720199999999;India;France
2021.33684;India;South Africa
2020.6431799999998;India;South Africa
2021.5213399999998;India;Guadeloupe
2021.32134;India;Spain
2021.32134;India;Spain
2021.58712;India;South Africa
2021.3377699999999;South Africa;South Korea
2021.4500999999998;South Africa;India
2021.4829799999998;South Africa;Nepal
2021.45849;South Africa;China
2021.43913;South Africa;Sri Lanka
2021.13592;South Africa;Poland
2021.1685599999998;South Africa;India
2021.3459799999998;South Africa;Denmark
2021.25831;South Africa;Nepal
2021.32407;South Africa;Nepal
2021.45283;South Africa;USA
2021.5267999999999;USA;Bulgaria
2021.4388199999999;India;South Africa
2021.1942399999998;South Africa;New Zealand
2021.31584;New Zealand;Germany
2021.37612;New Zealand;Myanmar
2021.5267999999999;New Zealand;Poland
2021.2564699999998;South Africa;Poland
2021.5404999999998;Poland;Australia
2021.3514599999999;South Africa;Malta
2021.48571;South Africa;Rwanda
2021.54873;South Africa;South Korea
2021.34873;South Africa;India
2021.1587;South Africa;China
2021.2775;South Africa;United Kingdom
2021.25832;South Africa;Nepal
2021.2912099999999;South Africa;Nepal
2021.2720199999999;South Africa;Germany
2021.2802399999998;South Africa;Qatar
2021.29668;South Africa;Spain
2021.4284499999999;South Africa;Nepal
2021.3377799999998;South Africa;Czech Republic
2021.29668;South Africa;Kenya
2021.26381;South Africa;United Kingdom
2021.3816199999999;United Kingdom;Norway
2021.4829799999998;South Africa;Nepal
2021.4090099999999;South Africa;Pakistan
2021.52408;South Africa;Poland
2021.45833;South Africa;Norway
2021.4418899999998;South Africa;Bangladesh
2021.2537499999999;South Africa;Malawi
2021.3503699999999;South Africa;Greece
2021.54326;Greece;Kosovo
2021.47203;Greece;Hong Kong
2021.4665499999999;Greece;Hong Kong
2021.4281899999999;Greece;Albania
2021.5377799999999;Albania;Kosovo
2021.4262899999999;Greece;Sweden
2021.5021599999998;Sweden;Austria
2021.56243;Austria;Czech Republic
2021.45267;Sweden;Netherlands
2021.5268099999998;Netherlands;Sint Maarten
2021.52955;Sweden;Kosovo
2021.52396;Sweden;Italy
2021.6062599999998;Italy;Poland
2021.56243;Italy;Chile
2021.5596899999998;Sweden;Norway
2021.4638;Sweden;Switzerland
2021.4939399999998;Sweden;Malta
2021.5925699999998;Sweden;Denmark
2021.57065;Sweden;Germany
2021.47426;Sweden;Sint Maarten
2021.5514699999999;Sint Maarten;Curacao
2021.5542099999998;Sint Maarten;Netherlands
2021.55422;Sint Maarten;Curacao
2021.4609099999998;Sweden;Germany
2021.51859;Germany;Italy
2021.4802399999999;Germany;Slovakia
2021.5268099999998;Germany;Italy
2021.5405199999998;Germany;France
2021.50489;Sweden;Bonaire
2021.4829699999998;Sweden;Netherlands
2021.5085299999998;Sweden;Aruba
2021.56242;Aruba;Czech Republic
2021.5350299999998;Aruba;Bonaire
2021.5542099999998;Aruba;Curacao
2021.4536899999998;Sweden;Curacao
2021.6035299999999;Curacao;Belgium
2021.5213299999998;Curacao;Netherlands
2021.54325;Curacao;Sint Maarten
2021.5405099999998;Curacao;Sint Maarten
2021.4994199999999;Curacao;Suriname
2021.5377799999999;Suriname;Czech Republic
2021.54326;Czech Republic;Poland
2021.46372;Curacao;Aruba
2021.54873;Aruba;North Macedonia
2021.51038;Aruba;Sweden
2021.48084;Aruba;Bonaire
2021.5596799999998;Bonaire;Slovakia
2021.48571;Bonaire;Netherlands
2021.5131099999999;Bonaire;Netherlands
2021.51859;Bonaire;Sint Maarten
2021.5350299999998;Bonaire;Suriname
2021.23131;South Africa;Belgium
2021.3714499999999;Belgium;Netherlands
2021.3843;Belgium;Netherlands
2021.54874;Netherlands;North Macedonia
2021.53777;Netherlands;Norway
2021.54325;Netherlands;Luxembourg
2021.55695;Netherlands;Luxembourg
2021.5788599999998;Belgium;Romania
2021.5788599999998;Belgium;Romania
2021.2528399999999;Belgium;Luxembourg
2021.4884699999998;South Africa;Andorra
2021.33028;South Africa;United Kingdom
2021.4747699999998;United Kingdom;Barbados
2021.32134;South Africa;Mauritius
2021.4857299999999;South Africa;Rwanda
2021.27751;South Africa;Belgium
2021.42546;South Africa;Canada
2021.36243;South Africa;USA
2021.43366;South Africa;Rwanda
2021.49941;South Africa;India
2021.3596899999998;South Africa;Sri Lanka
2021.3322899999998;South Africa;India
2021.3651799999998;South Africa;Austria
2021.4227099999998;South Africa;Canada
2021.29668;South Africa;Spain
2021.46654;Spain;Rwanda
2021.29668;South Africa;Germany
2021.1549799999998;South Africa;Liberia
2021.3651699999998;Liberia;Ghana
2021.4500999999998;Liberia;France
2021.52955;France;Monaco
2021.2802399999998;South Africa;Germany
2021.1164199999998;South Africa;India
2021.2857199999999;India;Australia
2021.48299;India;Bangladesh
2021.3377799999998;India;Poland
2021.27261;India;Poland
2021.33504;South Africa;Spain
2021.39257;South Africa;Pakistan
2021.25011;South Africa;New Zealand
2021.40627;South Africa;Nepal
2021.2939399999998;South Africa;Italy
2021.10169;South Africa;India
2021.2418899999998;India;Germany
2021.40627;South Africa;Pakistan
2021.3240799999999;South Africa;Nepal
2021.28299;South Africa;Singapore
2021.56793;South Africa;Germany
2021.0991999999999;South Africa;Indonesia
2021.1734;Indonesia;New Zealand
2021.45285;Indonesia;South Korea
2021.45833;Indonesia;Japan
2021.47203;Indonesia;South Korea
2021.4227099999998;Indonesia;Japan
2021.3843599999998;Indonesia;Denmark
2021.41176;Denmark;Germany
2021.4665499999999;Indonesia;Malta
2021.4638;Indonesia;Hong Kong
2021.29668;South Africa;Italy
2021.2473699999998;South Africa;India
2021.1607499999998;South Africa;Nepal
2021.5049;Nepal;Japan
2021.2106999999999;Nepal;Malaysia
2021.3597699999998;Malaysia;Czech Republic
2021.46105;Czech Republic;Slovakia
2021.46105;Czech Republic;Lithuania
2021.5331999999999;Czech Republic;Slovakia
2021.2749999999999;South Africa;Switzerland
2021.3706599999998;Switzerland;Lithuania
2021.21364;South Africa;South Korea
2021.45833;South Korea;Slovakia
2021.34052;South Africa;Switzerland
2021.2090099999998;South Africa;USA
2021.30216;South Africa;Belgium
2021.3432599999999;South Africa;Bahrain
2021.2939399999998;South Africa;France
2021.45832;South Africa;Czech Republic
2021.2665499999998;South Africa;Qatar
2021.23093;South Africa;Denmark
2021.28298;Denmark;Netherlands
2021.25559;Denmark;Ireland
2021.2418899999998;South Africa;Sweden
2021.3898299999998;South Africa;Nepal
2021.2916699999998;South Africa;Mexico
2021.4747599999998;South Africa;Ghana
2021.2665499999998;South Africa;United Kingdom
2021.45285;South Africa;France
2021.2537699999998;South Africa;Malaysia
2021.5498899999998;Malaysia;New Zealand
2021.27036;South Africa;Malawi
2021.43093;South Africa;Kenya
2021.3095899999998;South Africa;Germany
2021.3035699999998;South Africa;USA
2021.41997;USA;Chile
2021.2519;South Africa;United Kingdom
2021.2720199999999;United Kingdom;Oman
2021.26928;South Africa;Italy
2021.3651699999998;South Africa;France
2021.3459899999998;South Africa;Germany
2021.26928;South Africa;Canada
2021.3569499999999;Canada;Ireland
2021.28846;South Africa;Hong Kong
2021.2740099999999;South Africa;France
2021.3561699999998;France;Canada
2021.2775;South Africa;Malawi
2021.4309199999998;South Africa;India
2021.29119;South Africa;USA
2021.3181699999998;South Africa;Brazil
2021.43914;South Africa;Mauritius
2021.4477;South Africa;Rwanda
2021.23445;South Africa;Vietnam
2021.3925599999998;Vietnam;Qatar
2021.1358099999998;India;South Africa
2021.29668;South Africa;Poland
2021.1535;South Africa;Kuwait
2021.2090099999998;Kuwait;United Kingdom
2021.4638;Kuwait;Sri Lanka
2021.28846;Kuwait;United Kingdom
2021.23093;Kuwait;Bahrain
2021.24463;Kuwait;Bahrain
2021.43367;Kuwait;Sri Lanka
2021.4912;Kuwait;Israel
2021.2912;Kuwait;South Sudan
2021.30764;Kuwait;Italy
2021.24788;Kuwait;Gambia
2021.3953099999999;Gambia;India
2021.38709;Gambia;Senegal
2021.32667;Gambia;Senegal
2021.3459999999998;Senegal;Gambia
2021.39565;Gambia;Senegal
2021.4884599999998;Senegal;Gambia
2021.35421;South Africa;Japan
2021.2610599999998;South Africa;Singapore
2021.20627;South Africa;USA
2021.34873;South Africa;Israel
2021.2939399999998;South Africa;United Kingdom
2021.4610599999999;United Kingdom;South Korea
2021.2912;South Africa;Switzerland
2021.2610599999998;South Africa;Canada
2021.44462;South Africa;Rwanda
2021.27749;South Africa;Qatar
2021.3881299999998;South Africa;USA
2021.5076299999998;USA;Sint Maarten
2021.28298;South Africa;Ireland
2021.3185899999999;South Africa;Japan
2021.3131099999998;South Africa;Australia
2021.2939399999998;South Africa;Japan
2021.27955;South Africa;Mexico
2021.5268099999998;Mexico;Aruba
2021.29119;South Africa;Netherlands
2021.49119;Netherlands;Lebanon
2021.3706499999998;South Africa;Canada
2021.34801;South Africa;Rwanda
2021.2939299999998;South Africa;Qatar
2021.2501;South Africa;Germany
2021.2473599999998;South Africa;India
2021.4610599999999;South Africa;Maldives
2021.30227;South Africa;France
2021.3185899999999;South Africa;Japan
2021.5514699999999;South Africa;Pakistan
2021.32407;South Africa;United Kingdom
2021.2939399999998;South Africa;Malawi
2021.4309199999998;South Africa;Mauritius
2021.21174;South Africa;India
2021.19256;South Africa;India
2021.4418799999999;India;Germany
2021.3131099999998;South Africa;Mexico
2021.2144799999999;South Africa;USA
2021.36629;South Africa;Rwanda
2021.48023;South Africa;Kenya
2021.19843;South Africa;India
2021.29667;India;Spain
2021.3003399999998;India;Angola
2021.3651599999998;Angola;Pakistan
2021.4309099999998;Angola;Nepal
2021.31584;Angola;Israel
2021.43913;Angola;Rwanda
2021.3381299999999;India;South Africa
2021.41448;South Africa;China
2021.36411;South Africa;China
2021.0255499999998;India;South Africa
2020.96993;India;South Africa
2021.2419;South Africa;India
2021.2857299999998;South Africa;Finland
2021.59259;South Africa;Turkey
2021.55423;South Africa;Austria
2021.3487499999999;South Africa;Bangladesh
2021.3697;South Africa;Kenya
2021.5342099999998;South Africa;Turkey
2021.5898499999998;South Africa;Turkey
2021.59532;South Africa;Turkey
2021.45572;South Africa;Turkey
2021.45285;South Africa;Uzbekistan
2021.50766;South Africa;Georgia
2021.34053;South Africa;Georgia
2021.3087699999999;South Africa;Kuwait
2021.4035399999998;South Africa;Qatar
2021.3898499999998;South Africa;South Sudan
2020.9165999999998;South Africa;USA
2021.5104;USA;Aruba
2021.55423;USA;Hong Kong
2021.45561;USA;Chile
2021.56793;USA;Hong Kong
2020.8003099999999;South Africa;India
2020.9540499999998;India;Indonesia
2021.46931;Indonesia;Japan
2021.3816299999999;Indonesia;Hong Kong
2021.42546;Indonesia;Hong Kong
2021.4693;Indonesia;China
2021.5186199999998;Indonesia;Romania
2021.44464;Indonesia;South Korea
2021.46382;Indonesia;Australia
2021.5761499999999;Indonesia;Japan
2021.4555999999998;Indonesia;South Korea
2021.43643;Indonesia;South Korea
2021.4391699999999;Indonesia;South Korea
2021.39806;Indonesia;Singapore
2021.4253299999998;Indonesia;Hong Kong
2021.43916;Indonesia;Singapore
2021.48299;Indonesia;Bulgaria
2021.5185999999999;Indonesia;South Korea
2021.4162;Indonesia;Japan
2021.4857299999999;Indonesia;Japan
2021.41508;Indonesia;Japan
2021.4964699999998;Japan;New Zealand
2021.4418899999998;Indonesia;Hong Kong
2021.44463;Indonesia;Hong Kong
2021.4501099999998;Indonesia;Singapore
2021.4984399999998;Indonesia;Singapore
2021.39591;Indonesia;Singapore
2020.9202699999998;India;Italy
2021.1100099999999;Italy;Luxembourg
2021.55972;Luxembourg;Germany
2021.27544;Luxembourg;Spain
2021.48301;Spain;Belgium
2021.5816399999999;Spain;Denmark
2021.5953299999999;Spain;Belgium
2021.5569699999999;Spain;Sweden
2021.51587;Spain;Denmark
2021.56244;Spain;Chile
2021.5651799999998;Spain;Switzerland
2021.56244;Spain;Sweden
2021.5186099999999;Spain;Switzerland
2021.5596999999998;Spain;Suriname
2021.56244;Spain;Ireland
2021.55422;Spain;Norway
2021.56244;Spain;Czech Republic
2021.5843599999998;Spain;Belgium
2021.59532;Spain;France
2021.50217;Spain;Albania
2021.50217;Spain;Sweden
2021.38709;Spain;Italy
2021.56792;Spain;Switzerland
2021.5076399999998;Spain;Liechtenstein
2021.5377799999999;Spain;Germany
2021.5185999999999;Spain;Monaco
2021.5185999999999;Spain;Belgium
2021.4802399999999;Spain;Brazil
2021.53777;Spain;Brazil
2021.4375799999998;Spain;Switzerland
2021.5405099999998;Switzerland;Germany
2021.53777;Switzerland;Brazil
2021.45283;Switzerland;Germany
2021.47201;Germany;Spain
2021.4966699999998;Germany;Slovakia
2021.5186099999999;Spain;Italy
2021.5131299999998;Spain;Germany
2021.5459999999998;Spain;Poland
2021.55422;Spain;Denmark
2021.56791;Spain;Norway
2021.56791;Spain;United Kingdom
2021.55422;Spain;Poland
2021.5021599999998;Spain;Ireland
2021.55422;Spain;Netherlands
2021.56243;Spain;Ireland
2021.56791;Spain;Czech Republic
2021.56791;Spain;Norway
2021.58161;Spain;Italy
2021.4829699999998;Spain;Liechtenstein
2021.5268099999998;Spain;Italy
2021.57064;Spain;Netherlands
2021.4884499999998;Spain;Ireland
2021.49119;Spain;Germany
2021.51859;Spain;Sweden
2021.5131;Spain;Austria
2021.5295399999998;Spain;Poland
2021.5213199999998;Spain;France
2021.44681;Spain;Luxembourg
2021.5459799999999;Luxembourg;Suriname
2021.56242;Luxembourg;Belgium
2021.56242;Luxembourg;Ireland
2021.5788599999998;Luxembourg;Sweden
2021.46182;Luxembourg;Germany
2021.5733799999998;Germany;Netherlands
2021.4642;Germany;Czech Republic
2021.6062499999998;Czech Republic;Italy
2021.49118;Czech Republic;Germany
2021.5076199999999;Germany;France
2021.51858;France;Monaco
2021.5213199999998;France;Denmark
2021.53228;France;Austria
2021.55694;France;Luxembourg
2021.5651599999999;France;Slovakia
2021.3771;Luxembourg;Spain
2021.48848;Spain;Croatia
2021.5432799999999;Spain;Sint Maarten
2021.5651999999998;Spain;Hong Kong
2021.5569799999998;Spain;Belgium
2021.57342;Spain;Sweden
2021.4912199999999;Spain;Switzerland
2021.4299999999998;Spain;Luxembourg
2021.46931;Luxembourg;Malta
2021.46383;Luxembourg;Czech Republic
2021.4912299999999;Luxembourg;Malta
2021.49671;Luxembourg;Sweden
2021.5109799999998;Luxembourg;Slovakia
2021.50218;Luxembourg;Czech Republic
2021.5514999999998;Luxembourg;Armenia
2021.5317499999999;Luxembourg;Austria
2021.5569699999999;Austria;Ecuador
2021.5898599999998;Luxembourg;Italy
2021.4912299999999;Luxembourg;Ghana
2021.47753;Luxembourg;Malta
2021.5049199999999;Luxembourg;Spain
2021.4994499999998;Luxembourg;Ghana
2021.5080099999998;Ghana;Andorra
2021.5104099999999;Andorra;Luxembourg
2021.5378099999998;Andorra;Slovakia
2021.5816499999999;Slovakia;Germany
2021.52136;Spain;Slovenia
2021.5186199999998;Spain;Switzerland
2021.54054;Spain;Sweden
2021.5514999999998;Spain;Slovenia
2021.5624599999999;Spain;Sweden
2021.5295899999999;Spain;North Macedonia
2021.46617;Spain;Romania
2021.55423;Romania;Curacao
2021.5651899999998;Romania;Armenia
2021.5843699999998;Romania;Italy
2021.5597099999998;Romania;Sweden
2021.5104;Romania;France
2021.5706799999998;Romania;France
2021.4493799999998;Spain;Slovenia
2021.4802599999998;Slovenia;Spain
2021.50218;Slovenia;Finland
2021.5569699999999;Spain;Slovakia
2021.4967;Spain;Slovakia
2021.5268299999998;Spain;Chile
2021.56792;Spain;Italy
2021.5186199999998;Spain;Switzerland
2021.5569799999998;Spain;Portugal
2021.5041399999998;Spain;Switzerland
2021.4748399999999;Spain;Monaco
2021.5706699999998;Monaco;Italy
2021.5953299999999;Monaco;France
2021.25083;India;Israel
2021.15268;India;Germany
2021.2665599999998;Germany;Oman
2021.44464;Germany;Ukraine
2021.2473799999998;Germany;Israel
2021.46381;Germany;Lebanon
2021.56244;Germany;Denmark
2021.5733999999998;Denmark;Sweden
2021.38437;India;Denmark
2021.27688;India;Switzerland
2021.20069;India;South Africa
2021.58711;India;Denmark
2021.5186099999999;India;Pakistan
2021.2281999999998;India;Germany
2021.20347;India;Italy
2021.4747799999998;Italy;Lebanon
2021.55423;Italy;Slovenia
2021.4364199999998;India;Botswana
2021.21941;India;Spain
2021.2528599999998;India;South Africa
2021.2672599999999;Spain;India
2021.32135;India;Mauritius
2021.2977199999998;India;Netherlands
2021.39458;Netherlands;Bahrain
2021.45285;India;Uzbekistan
2021.3514799999998;India;Portugal
2021.04804;India;United Kingdom
2021.44069;United Kingdom;Switzerland
2021.4763799999998;Switzerland;Portugal
2021.56793;Portugal;Belgium
2021.5871;United Kingdom;Denmark
2021.4884699999998;United Kingdom;Poland
2021.49121;United Kingdom;USA
2021.5460099999998;United Kingdom;Slovakia
2021.54054;United Kingdom;Guadeloupe
2021.45084;United Kingdom;Italy
2021.4418999999998;United Kingdom;Italy
2021.5104;United Kingdom;Spain
2021.4408999999998;United Kingdom;Romania
2021.54875;United Kingdom;Slovakia
2021.40629;United Kingdom;Romania
2021.5597099999998;United Kingdom;Spain
2021.5651899999998;United Kingdom;Czech Republic
2021.5131399999998;United Kingdom;Belgium
2021.4644199999998;United Kingdom;Portugal
2021.5104;United Kingdom;New Zealand
2021.4720399999999;United Kingdom;Israel
2021.52136;Israel;Romania
2021.4884699999998;United Kingdom;Albania
2021.3898399999998;United Kingdom;India
2021.5323099999998;United Kingdom;Bulgaria
2021.4528599999999;United Kingdom;Slovakia
2021.4693;United Kingdom;Hong Kong
2021.3989;United Kingdom;Denmark
2021.5597099999998;United Kingdom;Ireland
2021.41177;United Kingdom;Ireland
2021.41177;Ireland;Belgium
2021.5460199999998;Ireland;Poland
2021.4336799999999;United Kingdom;Norway
2021.5460099999998;United Kingdom;Albania
2021.46382;United Kingdom;Romania
2021.5372699999998;United Kingdom;Ireland
2021.4419099999998;United Kingdom;Malta
2021.4528599999999;United Kingdom;New Zealand
2021.4665599999998;United Kingdom;Denmark
2021.3706699999998;United Kingdom;Romania
2021.4994399999998;United Kingdom;Albania
2021.54327;United Kingdom;Kosovo
2021.08207;India;Luxembourg
2021.1295799999998;Luxembourg;France
2021.4994499999998;Luxembourg;France
2021.4259499999998;Luxembourg;Netherlands
2021.4622;Netherlands;Czech Republic
2021.4745699999999;Netherlands;Bonaire
2021.52137;Netherlands;Croatia
2021.5186299999998;Netherlands;Bonaire
2021.2644899999998;Luxembourg;Spain
2021.55973;Spain;United Kingdom
2021.44347;Spain;Switzerland
2021.55424;Switzerland;Denmark
2021.4665699999998;Switzerland;France
2021.5651999999998;Spain;Sweden
2021.5241099999998;Spain;Kosovo
2021.5432899999998;Spain;Denmark
2021.50767;Spain;Slovenia
2021.5569799999998;Spain;Chile
2021.55424;Spain;Poland
2021.5651999999998;Spain;Switzerland
2021.48849;Spain;Andorra
2021.4282199999998;Spain;Monaco
2021.49397;Spain;Poland
2021.42628;Spain;Guadeloupe
2021.5186199999998;Guadeloupe;France
2021.54054;Spain;France
2021.55423;Spain;Poland
2021.49671;Spain;Belgium
2021.5651999999998;Spain;Italy
2021.43258;Spain;Malta
2021.56793;Malta;Italy
2021.60629;Malta;Italy
2021.4994399999998;Spain;Slovakia
2021.51588;Spain;Slovakia
2021.5569799999998;Spain;France
2021.33298;India;Portugal
2021.28849;India;Sweden
2021.26931;India;Germany
2021.1387799999998;India;South Africa
2021.4857399999999;India;Spain
2021.1122099999998;India;Netherlands
2021.4939499999998;Netherlands;Ireland
2021.5761599999998;Netherlands;Czech Republic
2021.5186199999998;Netherlands;Portugal
2021.46931;Netherlands;Ireland
2021.4343199999998;Netherlands;Portugal
2021.5788899999998;Portugal;Romania
2021.48848;Portugal;Belgium
2021.44465;Netherlands;France
2021.5104;France;Aruba
2021.5186199999998;Netherlands;Belgium
2021.5377899999999;Netherlands;Slovenia
2021.5377899999999;Netherlands;Czech Republic
2021.51713;Netherlands;Norway
2021.56245;Netherlands;Slovakia
2021.5076499999998;Netherlands;Aruba
2021.5131299999998;Netherlands;Bonaire
2021.57614;Netherlands;Czech Republic
2021.5076499999998;Netherlands;Poland
2021.54053;Poland;Netherlands
2021.5049199999999;India;Germany
2021.4062999999999;Ireland;South Africa
2021.0930199999998;India;Romania
2021.5186199999998;Romania;Portugal
2021.2665699999998;India;New Zealand
2021.4528699999998;India;Australia
2021.2720499999998;India;Australia
2021.32684;India;Australia
2021.3487599999999;India;France
2021.3800299999998;France;Brazil
2021.2912199999998;India;Spain
2021.2537499999999;India;Mexico
2021.36793;Mexico;Malaysia
2021.5104;Mexico;USA
2021.5624599999999;Mexico;Brazil
2021.52958;Mexico;USA
2021.4145099999998;Mexico;USA
2021.4095;Mexico;Estonia
2021.4665599999998;Estonia;Chile
2021.43094;Estonia;Costa Rica
2021.4747699999998;Estonia;Chile
2021.5459999999998;Chile;Mexico
2021.4605099999999;Estonia;Guatemala
2021.2145099999998;India;Canada
2021.32658;India;Kuwait
2021.47752;Kuwait;Sri Lanka
2021.27479;India;Qatar
2021.34694;India;Sri Lanka
2021.20924;India;Spain
2021.5569699999999;Spain;Czech Republic
2021.4912199999999;Spain;Andorra
2021.22273;Spain;Luxembourg
2021.34152;Luxembourg;France
2021.52136;France;Italy
2021.5460199999998;France;Kosovo
2021.5514999999998;France;Denmark
2021.4802699999998;France;Aruba
2021.46128;France;Belgium
2021.50218;Belgium;Andorra
2021.54054;Belgium;Kosovo
2021.5761599999998;France;Italy
2021.48005;France;Guadeloupe
2021.56794;Guadeloupe;Switzerland
2021.5186299999998;Guadeloupe;Chile
2021.55973;Guadeloupe;Portugal
2021.5022;Guadeloupe;Italy
2021.54604;Guadeloupe;Italy
2021.5542599999999;Italy;Switzerland
2021.46382;India;Italy
2021.4994399999998;India;Russia
2021.5131399999998;India;Japan
2021.46382;India;Denmark
2021.19383;India;Slovakia
2021.2720399999998;India;Oman
2021.4528599999999;India;Slovakia
2021.3624799999998;India;Nepal
2021.37341;India;Bahrain
2021.32683;India;France
2021.3131299999998;India;USA
2021.3278099999998;India;Austria
2021.2528499999999;India;Belgium
2021.2528499999999;Belgium;France
2021.3037199999999;India;Singapore
2021.24065;Israel;South Africa
2021.3212299999998;India;Australia
2021.5131399999998;Australia;Slovakia
2021.2184599999998;India;Austria
2021.31017;Austria;Germany
2021.55425;Germany;Pakistan
2021.4583599999999;Germany;Belgium
2021.4857499999998;Austria;Ukraine
2021.4610899999998;Austria;Norway
2021.35061;Austria;France
2021.4090299999998;France;New Zealand
2021.4039699999998;France;Bosnia and Herzegovina
2021.1362599999998;India;Nepal
2021.2994399999998;Nepal;Poland
2021.30557;Nepal;Switzerland
2021.39807;Nepal;Qatar
2021.5898499999998;Nepal;Pakistan
2021.3147099999999;Nepal;Portugal
2021.52409;Nepal;Nigeria
2021.56244;Nepal;Armenia
2021.3651799999998;Nepal;Barbados
2021.4802499999998;Nepal;Paraguay
2021.4967;Nepal;Georgia
2021.25013;Nepal;Russia
2021.3515;Nepal;Japan
2021.3350599999999;Nepal;Portugal
2021.4665699999998;Nepal;Poland
2021.56794;Nepal;Japan
2021.60081;Nepal;New Zealand
2021.39259;Nepal;Japan
2021.4857399999999;Nepal;Kuwait
2021.40356;Nepal;Romania
2021.4836799999998;Israel;South Africa
2021.56794;South Africa;Pakistan
2021.4610899999998;South Africa;Maldives
2021.32137;South Africa;Qatar
2021.4419099999998;South Africa;Nepal
2021.31;South Africa;Costa Rica
2021.55972;Costa Rica;Guatemala
2021.52685;Costa Rica;Guatemala
2021.5432899999998;Costa Rica;Guatemala
2021.5241099999998;Costa Rica;Guatemala
2021.26543;South Africa;Sri Lanka
2021.31433;South Africa;Pakistan
2021.43643;South Africa;Nepal
2021.34054;South Africa;Canada
2021.31999;South Africa;Thailand
2021.5761599999998;Thailand;Sweden
2021.3886499999999;Thailand;Cambodia
2021.32136;South Africa;Singapore
2021.30683;South Africa;Kuwait
2021.1616099999999;South Africa;Iran
2021.5651899999998;Iran;Armenia
2021.2802599999998;Iran;United Kingdom
2021.2775199999999;South Africa;USA
2021.2585499999998;South Africa;Italy
2021.38711;Italy;Jordan
2021.19293;South Africa;Finland
2021.28534;Finland;Bahrain
2021.30461;Finland;Botswana
2021.32684;Finland;Nepal
2021.2809599999998;South Africa;Portugal
2021.4665599999998;Portugal;Spain
2021.5323099999998;Portugal;Luxembourg
2021.5761499999999;Portugal;Brazil
2021.4692899999998;Portugal;Israel
2021.3792099999998;South Africa;France
2021.43095;France;Sweden
2021.4360499999998;France;Israel
2021.4061199999999;South Africa;Turkey
2021.54027;Turkey;Germany
2021.2690899999998;South Africa;Bahrain
2021.5432799999999;South Africa;India
2021.28849;South Africa;Australia
2021.3761599999998;South Africa;New Zealand
2021.46383;South Africa;Germany
2021.4090299999998;South Africa;Bulgaria
2021.43644;South Africa;South Sudan
2021.39872;South Africa;Spain
2021.4912299999999;Spain;Sweden
2021.3898599999998;South Africa;Nepal
2021.31533;South Africa;Japan
2021.5898499999998;Japan;Hong Kong
2021.3679399999999;South Africa;Australia
2021.4090299999998;South Africa;New Zealand
2021.4115;South Africa;France
2021.54876;South Africa;Armenia
2021.24686;South Africa;Maldives
2021.29406;Italy;South Africa
2021.5104;Maldives;Sri Lanka
2021.28849;South Africa;Japan
2021.4802699999998;South Africa;India
2021.5049299999998;South Africa;India
2021.4062999999999;South Africa;Pakistan
2021.4067599999998;South Africa;North Macedonia
2021.5761699999998;North Macedonia;Denmark
2021.4857599999998;South Africa;Bulgaria
2021.39808;South Africa;Australia
2021.58439;South Africa;Australia
2021.2967099999998;South Africa;France
2021.31863;South Africa;Qatar
2021.48849;South Africa;Bulgaria
2021.45014;South Africa;Kenya
2021.32424;South Africa;Zambia
2021.27479;South Africa;Spain
2021.27479;Spain;Qatar
2021.48849;Spain;Turkey
2021.2857499999998;South Africa;Barbados
2021.3432899999998;Barbados;Croatia
2021.3076999999998;South Africa;Russia
2021.55424;Russia;Japan
2021.41427;Russia;Czech Republic
2021.45561;Russia;New Zealand
2021.4610899999998;Russia;Germany
2021.46383;Russia;Lithuania
2021.43095;Russia;Ukraine
2021.4419099999998;Russia;Bulgaria
2021.4210899999998;Russia;Estonia
2021.44465;Estonia;Bulgaria
2021.5569799999998;Estonia;Romania
2021.45013;Estonia;Czech Republic
2021.4610899999998;Estonia;Czech Republic
2021.4802699999998;Estonia;Greece
2020.9383699999998;India;United Kingdom
2021.4473999999998;United Kingdom;Hong Kong
2021.4665799999998;Hong Kong;New Zealand
2021.3652;United Kingdom;Denmark
2021.51589;United Kingdom;Austria
2021.5186299999998;United Kingdom;Kosovo
2021.44635;United Kingdom;Lithuania
2021.37135;United Kingdom;Norway
2021.52137;Norway;Croatia
2021.4885;Norway;Albania
2021.3871299999998;Norway;Romania
2021.4912399999998;Romania;Albania
2021.4528799999998;United Kingdom;France
2021.3938699999999;United Kingdom;Ireland
2021.45014;Ireland;Romania
2021.36521;United Kingdom;Denmark
2021.38439;United Kingdom;Denmark
2021.31963;India;United Kingdom
2021.46931;United Kingdom;Bosnia and Herzegovina
2021.43646;United Kingdom;Kosovo
2021.2967099999998;India;Spain
2021.33207;India;Georgia
2021.5049399999998;India;Hong Kong
2021.4665799999998;India;Kenya
2021.4062999999999;India;Netherlands
2021.4857499999998;India;Bangladesh
2021.2912299999998;India;Canada
2021.3003899999999;India;Ireland
2021.4473999999998;India;Uganda
2021.5432899999998;India;United Kingdom
2021.23371;India;Sweden
2021.32685;India;Japan
2021.4857599999998;India;Nepal
2021.3816499999998;India;Hong Kong
2021.3295899999998;India;France
2021.4828499999999;India;USA
2021.55425;USA;Suriname
2021.5569899999998;USA;Chile
2021.2693199999999;India;Denmark
2021.4611;India;Ireland
2021.29084;India;Norway
2021.32686;Norway;Sweden
2021.5076999999999;Italy;South Africa
2021.5569899999998;South Africa;Hong Kong
2021.4583599999999;India;Denmark
2021.2720599999998;India;Singapore
2021.2906899999998;India;Japan
2021.4282199999998;Japan;Sweden
2021.3743599999998;Japan;Luxembourg
2021.5076999999999;Italy;South Africa
2021.4086;South Africa;Kenya
2021.43096;South Africa;Democratic Republic of the Congo
2021.2775399999998;South Africa;Qatar
2021.0747999999999;South Africa;Australia
2021.5378099999998;Australia;Chile
2021.56083;Australia;New Zealand
2021.33781;South Africa;Ireland
2021.4720599999998;South Africa;Kenya
2021.45014;South Africa;Mauritius
2021.2145199999998;South Africa;New Zealand
2021.30767;New Zealand;Democratic Republic of the Congo
2021.2501399999999;New Zealand;Nepal
2021.4720599999998;South Africa;Kenya
2021.38861;South Africa;Rwanda
2021.5049299999998;South Africa;Lebanon
2021.5241099999998;South Africa;Ireland
2021.4473999999998;South Africa;Rwanda
2021.59261;South Africa;Denmark
2021.4994599999998;South Africa;Ghana
2021.2336999999998;South Africa;India
2021.4802699999998;South Africa;India
2021.4503;South Africa;Italy
2021.51407;Italy;Kosovo
2021.5789;Kosovo;Italy
2021.2980799999998;South Africa;Maldives
2021.35973;Maldives;Austria
2021.39809;Maldives;Sri Lanka
2021.35973;Maldives;Austria
2021.3871499999998;Italy;South Africa
2021.55152;Maldives;Sri Lanka
2021.37069;Maldives;Germany
2021.3166199999998;South Africa;USA
2021.5569899999998;USA;Norway
2021.4336999999998;South Africa;Norway
2021.44192;South Africa;Democratic Republic of the Congo
2021.4473999999998;South Africa;Uganda
2021.5323199999998;South Africa;South Sudan
2021.42547;South Africa;Uganda
2021.46382;South Africa;South Sudan
2021.2920599999998;South Africa;Uganda
2021.4090399999998;Uganda;Netherlands
2021.4145199999998;Uganda;New Zealand
2021.47753;Uganda;Rwanda
2021.3550599999999;Uganda;Italy
2021.39169;Uganda;Rwanda
2021.29398;South Africa;Hong Kong
2021.49398;South Africa;Nepal
2021.3526599999998;South Africa;United Kingdom
2021.53507;United Kingdom;Ireland
2021.4665799999998;United Kingdom;Denmark
2021.5295899999999;United Kingdom;Slovenia
2021.59808;Slovenia;Belgium
2021.45013;United Kingdom;Bulgaria
2021.4276;United Kingdom;Denmark
2021.3679399999999;South Africa;United Kingdom
2021.51217;South Africa;New Zealand
2021.42274;South Africa;Democratic Republic of the Congo
2021.3761599999998;South Africa;Germany
2021.48301;South Africa;Lebanon
2021.4419099999998;South Africa;New Zealand
2021.55425;South Africa;Japan
2021.44465;South Africa;Kenya
2021.5898499999998;India;Pakistan
2021.11017;India;Senegal
2021.5761599999998;Senegal;Czech Republic
2021.22273;Senegal;Luxembourg
2021.43313;Senegal;Austria
2021.5569799999998;Austria;Luxembourg
2021.5761599999998;Austria;Czech Republic
2021.52615;Senegal;France
2021.47753;Senegal;Gambia
2021.4967;Senegal;Gambia
2021.50218;Senegal;France
2021.22273;India;Italy
2021.38437;India;Japan
2021.1760299999999;India;Singapore
2021.28892;Singapore;Algeria
2021.4282099999998;Singapore;Algeria
2021.38711;Singapore;Nepal
2021.30766;Singapore;Australia
2021.55423;Singapore;Turkey
2020.97659;India;Mexico
2021.51588;Mexico;Costa Rica
2021.54053;Mexico;Argentina
2021.48849;Mexico;Slovakia
2021.5104099999999;Mexico;Colombia
2021.54054;Mexico;Argentina
2021.4994499999998;Mexico;Chile
2021.5761599999998;Mexico;Japan
2021.44465;Mexico;Czech Republic
2021.54055;Mexico;Argentina
2021.5378099999998;Mexico;Brazil
2021.5569799999998;Mexico;Brazil
2020.9522;India;United Kingdom
2021.5624599999999;United Kingdom;Lithuania
2021.52958;United Kingdom;Poland
2021.5104099999999;United Kingdom;Aruba
2021.42977;United Kingdom;Lithuania
2021.47753;United Kingdom;Poland
2021.49103;United Kingdom;Ireland
2021.4473899999998;United Kingdom;Hong Kong
2021.42547;United Kingdom;Lithuania
2021.4553299999998;United Kingdom;Malta
2021.5514999999998;United Kingdom;Chile
2021.4266499999999;United Kingdom;Greece
2021.5104;Greece;Bulgaria
2021.4583499999999;United Kingdom;Australia
2021.4159499999998;United Kingdom;Lithuania
2021.5569699999999;Lithuania;Norway
2021.4857499999998;United Kingdom;Nepal
2021.5624599999999;United Kingdom;Ireland
2021.4873799999998;United Kingdom;Slovakia
2021.5241099999998;Slovakia;Bulgaria
2021.45561;United Kingdom;Singapore
2021.5569799999998;United Kingdom;Belgium
2021.3899399999998;United Kingdom;Hong Kong
2021.5432899999998;Hong Kong;Bulgaria
2021.4775399999999;Hong Kong;United Kingdom
2021.5515099999998;United Kingdom;Poland
2021.4337099999998;United Kingdom;Kenya
2021.4912399999998;United Kingdom;Kosovo
2021.5624699999998;United Kingdom;Chile
2021.41178;United Kingdom;Mauritius
2021.5624599999999;United Kingdom;Ireland
2021.4665699999998;United Kingdom;Aruba
2021.4912299999999;United Kingdom;Ireland
2021.5706799999998;United Kingdom;Lithuania
2021.5377999999998;United Kingdom;Kosovo
2021.41526;United Kingdom;Denmark
2021.46679;Denmark;Spain
2021.58163;Spain;Slovakia
2021.52136;Denmark;Estonia
2021.50767;Denmark;Curacao
2021.4887999999999;Denmark;Norway
2021.5323199999998;Norway;Sweden
2021.55972;Norway;Denmark
2021.5761599999998;United Kingdom;Poland
2021.44465;United Kingdom;Israel
2021.54876;United Kingdom;Norway
2021.41178;United Kingdom;Hong Kong
2021.43095;United Kingdom;Romania
2021.5460099999998;United Kingdom;Luxembourg
2021.5597099999998;United Kingdom;Ireland
2021.5104;United Kingdom;Ireland
2021.42169;United Kingdom;Romania
2021.53506;United Kingdom;Kosovo
2021.45013;United Kingdom;Monaco
2021.5569699999999;United Kingdom;Ireland
2021.43916;United Kingdom;Slovakia
2021.4415199999999;Italy;South Africa
2021.23138;South Africa;Indonesia
2021.3049299999998;South Africa;Australia
2021.26839;South Africa;Germany
2021.38438;Germany;Luxembourg
2021.5487699999999;South Africa;North Macedonia
2021.46384;South Africa;Armenia
2021.4247799999998;South Africa;Bulgaria
2021.4247799999998;Bulgaria;Netherlands
2021.5761599999998;Netherlands;Czech Republic
2021.1617399999998;South Africa;Denmark
2021.28027;Denmark;Norway
2021.23605;South Africa;Ireland
2021.2665699999998;Ireland;Oman
2021.40628;Japan;South Africa
2021.54603;South Africa;Lithuania
2021.5624699999998;Ireland;United Kingdom
2021.5104099999999;Ireland;North Macedonia
2021.4254799999999;South Africa;Spain
2021.3958499999999;South Africa;Germany
2021.4528799999998;Germany;Netherlands
2021.5126899999998;Germany;Denmark
2021.39807;South Africa;Pakistan
2021.28848;South Africa;Singapore
2021.1816299999998;South Africa;United Kingdom
2021.40629;South Africa;Greece
2021.30766;South Africa;Hong Kong
2021.2776299999998;South Africa;Portugal
2021.47753;South Africa;Hong Kong
2021.55972;South Africa;United Kingdom
2021.52137;South Africa;Georgia
2021.2354699999999;South Africa;Nepal
2021.4391699999999;Nepal;United Kingdom
2021.58713;Japan;South Africa
2021.4473999999998;South Africa;Hong Kong
2021.4008299999998;South Africa;Portugal
2021.3350799999998;South Africa;Norway
2021.3816499999998;South Africa;Uganda
2021.3871299999998;South Africa;Botswana
2021.20714;South Africa;Philippines
2021.4583599999999;Philippines;Belgium
2021.36584;Philippines;Georgia
2021.4611;Georgia;Ghana
2021.4391899999998;South Africa;Nepal
2021.25154;South Africa;Ireland
2021.5213899999999;Ireland;Romania
2021.4528899999998;South Africa;Kenya
2021.46111;South Africa;Armenia
2021.44741;South Africa;Hong Kong
2021.2809599999998;South Africa;Australia
2021.3032099999998;Australia;Maldives
2021.3679499999998;South Africa;Ghana
2021.1415499999998;South Africa;Luxembourg
2021.3761699999998;Luxembourg;Italy
2021.4280399999998;Luxembourg;Germany
2021.4748;Germany;Portugal
2021.4286399999999;Luxembourg;Curacao
2021.44949;Curacao;France
2021.51865;France;Portugal
2021.5296099999998;France;Monaco
2021.53783;France;Germany
2021.52687;Curacao;Aruba
2021.5816599999998;Curacao;Germany
2021.52686;Curacao;Aruba
2021.5953499999998;Curacao;Germany
2021.4573699999999;South Africa;New Zealand
2021.4720799999998;South Africa;Nepal
2021.2918599999998;South Africa;Lebanon
2021.4309899999998;Lebanon;Armenia
2021.31386;South Africa;Ghana
2021.15719;South Africa;Germany
2021.22921;Germany;Croatia
2021.5542799999998;Croatia;Austria
2021.4969899999999;Croatia;Norway
2021.52633;Norway;Slovenia
2021.57072;Slovenia;Germany
2021.3318499999998;Croatia;Slovenia
2021.3542699999998;Slovenia;Germany
2021.5022199999999;Croatia;Slovakia
2021.42277;Croatia;Slovenia
2021.36798;South Africa;United Kingdom
2021.4885299999999;South Africa;Uganda
2021.4967399999998;South Africa;South Sudan
2021.4063299999998;South Africa;India
2021.4638699999998;South Africa;France
2021.26661;South Africa;USA
2021.40359;South Africa;South Sudan
2020.9723299999998;South Africa;India
2021.26012;India;United Kingdom
2021.3022199999998;United Kingdom;Slovenia
2021.1074399999998;India;USA
2021.40359;USA;Denmark
2021.2885199999998;USA;Netherlands
2021.2738599999998;USA;Iran
2021.2510599999998;USA;Latvia
2021.3076899999999;Latvia;Maldives
2021.15844;USA;Italy
2021.52956;Kenya;South Africa
2021.5761699999998;Malaysia;South Africa
2021.58163;Maldives;South Africa
2021.3488;Italy;New Zealand
2021.35467;India;Sweden
2021.1508999999999;India;Armenia
2021.3673399999998;Armenia;Bosnia and Herzegovina
2021.4189399999998;Bosnia and Herzegovina;Croatia
2021.5022299999998;Croatia;Slovakia
2021.4885199999999;Bosnia and Herzegovina;Croatia
2021.2673399999999;Armenia;South Korea
2021.3460599999999;Armenia;Russia
2021.28173;Armenia;South Korea
2021.30496;South Korea;Japan
2021.48579;South Korea;Germany
2021.447;Armenia;Finland
2021.34972;Armenia;Romania
2021.25838;Armenia;United Kingdom
2021.5433099999998;Armenia;Chile
2021.38441;Armenia;Russia
2021.4720799999998;Armenia;Israel
2020.9955799999998;India;Russia
2021.0748199999998;Russia;Italy
2021.55153;Russia;Armenia
2021.49948;Russia;Ukraine
2021.2775599999998;Russia;Czech Republic
2021.43255;Russia;Estonia
2021.5350899999999;Russia;Chile
2021.4528899999998;Russia;Uzbekistan
2021.4337199999998;Russia;Ukraine
2021.4693399999999;Russia;Hong Kong
2021.46112;Russia;Moldova
2021.4912599999998;Russia;Finland
2021.4638599999998;Russia;Lithuania
2021.43646;Russia;Norway
2021.52414;Russia;Norway
2021.4693399999999;Russia;Ukraine
2021.4638599999998;Russia;Serbia
2021.43535;Russia;Curacao
2021.4830299999999;Russia;Albania
2021.4967299999998;Russia;Hong Kong
2021.4118099999998;Russia;Czech Republic
2021.4172899999999;Czech Republic;Poland
2021.46112;Russia;Greece
2021.4345899999998;Russia;Armenia
2021.43646;Russia;Poland
2021.53783;Russia;Armenia
2021.5487999999998;Russia;North Macedonia
2021.4666;Russia;Poland
2021.46113;Russia;Moldova
2021.4693499999998;Russia;Ukraine
2021.37908;Russia;Netherlands
2021.4912599999998;Netherlands;Curacao
2021.3734599999998;Russia;Israel
2021.4556499999999;Russia;Georgia
2021.494;Russia;Croatia
2021.48578;Russia;Estonia
2021.53783;Russia;Czech Republic
2021.5487899999998;Russia;North Macedonia
2021.41454;Russia;Poland
2021.55975;Poland;Japan
2021.4583699999998;Russia;Estonia
2021.45563;Russia;Moldova
2021.46933;Russia;Ukraine
2021.52687;Russia;Lithuania
2021.5624899999998;Russia;Armenia
2021.44483;Russia;Lithuania
2021.55702;Lithuania;Sweden
2021.53784;Lithuania;Turkey
2021.4255099999998;Russia;Monaco
2021.4309899999998;Russia;Moldova
2021.46113;Russia;Estonia
2021.46113;Russia;Lithuania
2021.33785;Russia;Poland
2021.46662;Russia;Lithuania
2021.5515599999999;Russia;Armenia
2021.3127499999998;Russia;Monaco
2021.43373;Monaco;Lithuania
2021.24743;Russia;Israel
2021.5871499999998;Russia;Denmark
2021.40907;Russia;Luxembourg
2021.56523;Luxembourg;Armenia
2021.47209;Russia;Bosnia and Herzegovina
2021.56524;Russia;Germany
2021.46113;Russia;Sweden
2021.4309899999998;Russia;Austria
2021.5597599999999;Russia;Czech Republic
2021.55154;Russia;Slovakia
2021.3734499999998;Russia;Austria
2021.5734499999999;Russia;Denmark
2021.46112;Russia;France
2021.5624899999998;France;Belgium
2021.39537;Russia;Norway
2021.4107299999998;Russia;Sint Maarten
2021.4378299999998;Sint Maarten;Guadeloupe
2021.3679699999998;Russia;Latvia
2021.4693399999999;Russia;Ukraine
2021.4693499999998;Russia;Ukraine
2021.5734499999999;Russia;Sweden
2021.4392099999998;Russia;Japan
2021.5433199999998;Russia;Austria
2021.3488;Russia;Latvia
2021.3679699999998;Russia;Latvia
2021.37619;Russia;Germany
2021.40223;Russia;Monaco
2021.5213899999999;Monaco;South Korea
2021.4446799999998;Russia;Ukraine
2021.48578;Russia;Armenia
2021.51317;Russia;Armenia
2021.5213899999999;Russia;Bulgaria
2021.4104499999999;Russia;Netherlands
2021.5487899999998;Russia;North Macedonia
2021.43302;Russia;Malta
2021.4666;Russia;Estonia
2021.4200199999998;Russia;Netherlands
2021.55702;Russia;South Korea
2021.53784;Russia;Bulgaria
2021.3530799999999;Russia;Estonia
2021.2062299999998;Russia;Israel
2021.2467199999999;Israel;Finland
2021.2973699999998;Israel;Ecuador
2021.52414;Ecuador;Costa Rica
2021.3844199999999;Russia;Switzerland
2021.4693499999998;Russia;Ukraine
2021.4309999999998;Russia;Chile
2021.48031;Russia;Bulgaria
2021.2611399999998;Russia;Japan
2021.3789499999998;Russia;Ukraine
2021.3799199999999;Russia;Ecuador
2021.5460699999999;Russia;Kosovo
2021.4693599999998;Russia;Ukraine
2021.4501799999998;Russia;Slovakia
2021.4693599999998;Russia;Ukraine
2021.4447799999998;Russia;Slovakia
2021.3938899999998;Russia;Estonia
2021.53785;Estonia;Lithuania
2021.4255199999998;Russia;Slovakia
2021.49127;Russia;Austria
2021.4501799999998;Russia;Ukraine
2021.5981299999999;Russia;New Zealand
2021.48031;Russia;Greece
2021.52688;Russia;Israel
2021.46112;Russia;Estonia
2021.4583899999998;Russia;Italy
2021.5022199999999;Russia;Ukraine
2021.45564;Russia;Moldova
2021.38629;Russia;Denmark
2021.4666;Denmark;Netherlands
2021.49948;Denmark;Hong Kong
2021.5159199999998;Denmark;Norway
2021.2343899999998;India;Democratic Republic of the Congo
2021.3745099999999;Democratic Republic of the Congo;Italy
2021.38441;India;Spain
2021.55975;India;Lithuania
2021.28578;India;Netherlands
2021.29948;India;Finland
2021.5049399999998;Maldives;South Africa
2021.29948;India;Netherlands
2021.4638599999998;India;Germany
2021.19537;India;Greece
2021.1898099999999;India;Italy
2021.2309899999998;Italy;Bulgaria
2021.4610599999999;Nepal;South Africa
2021.29125;India;Switzerland
2021.4939299999999;Nepal;South Africa
2021.33783;South Africa;Norway
2021.35441;South Africa;Italy
2021.51316;South Africa;New Zealand
2021.2884999999999;South Africa;Qatar
2021.34604;India;Norway
2021.30495;India;Ireland
2021.2522199999999;India;Norway
2021.2885099999999;Norway;Japan
2021.46113;India;Russia
2021.2419499999999;India;Bahrain
2021.1752;India;Italy
2021.4666;Italy;Algeria
2021.49127;Italy;Ghana
2021.52414;Italy;France
2021.27946;Italy;Switzerland
2021.3946999999998;Switzerland;France
2021.53236;France;Norway
2021.4446899999998;Switzerland;France
2021.11396;India;Israel
2021.3323599999999;Israel;Switzerland
2021.4693499999998;Israel;Finland
2021.4692799999998;Nepal;South Africa
2021.4118199999998;Israel;Kenya
2021.46113;Israel;Finland
2021.5186199999998;Nepal;South Africa
2021.44743;Israel;Turkey
2021.2222499999998;Israel;Finland
2021.25588;Finland;Iraq
2021.4227799999999;Israel;Switzerland
2021.39708;Israel;Switzerland
2021.4381099999998;Switzerland;Finland
2021.45859;Finland;Poland
2021.5597799999998;Poland;Sweden
2021.51868;Poland;Monaco
2021.45291;Israel;Armenia
2021.5597599999999;Israel;Armenia
2021.31604;Israel;Finland
2021.3708499999998;Israel;Lithuania
2021.5597599999999;Lithuania;Armenia
2021.5077099999999;Lithuania;Georgia
2021.55154;Lithuania;Armenia
2021.3069899999998;Israel;Russia
2021.49127;Russia;Brazil
2021.55702;Russia;Norway
2021.5167099999999;Russia;South Korea
2021.4035999999999;Russia;Germany
2021.33784;Russia;Poland
2021.5679799999998;Russia;Norway
2021.3323699999999;Israel;Georgia
2021.44744;Israel;Lithuania
2021.2974399999998;Israel;Russia
2021.4693499999998;Russia;Georgia
2021.4693599999998;Russia;Ukraine
2021.1878299999998;Israel;Austria
2021.2100099999998;Austria;Russia
2021.47209;Russia;Georgia
2021.4255199999998;Russia;Lithuania
2021.5789399999999;Russia;Germany
2021.49949;Russia;Montenegro
2021.51045;Russia;Austria
2021.27685;Russia;Spain
2021.3789399999998;Spain;Switzerland
2021.5077099999999;Russia;Slovakia
2021.45292;Russia;Uzbekistan
2021.3126699999998;Russia;Germany
2021.51866;Germany;France
2021.40085;Russia;Slovakia
2021.24469;Russia;Israel
2021.41844;Russia;Slovenia
2021.34793;Russia;Uzbekistan
2021.4255099999998;Russia;Poland
2021.46113;Russia;Slovakia
2021.51867;Russia;Monaco
2021.46114;Russia;Moldova
2021.4501799999998;Russia;Ukraine
2021.3128199999999;Russia;Latvia
2021.52415;Latvia;Estonia
2021.5597699999998;Latvia;Czech Republic
2021.47758;Latvia;Estonia
2021.4967499999998;Russia;Japan
2021.4584;Russia;Estonia
2021.4227899999998;Russia;Netherlands
2021.3405999999998;Russia;Latvia
2021.43375;Russia;Moldova
2021.52416;Russia;Estonia
2021.45293;Russia;Croatia
2021.4501799999998;Russia;Luxembourg
2021.4693699999998;Russia;Ukraine
2021.48032;Russia;Guatemala
2021.3734699999998;Russia;Latvia
2021.5597699999998;Latvia;Denmark
2021.4309999999998;Latvia;Greece
2021.45293;Russia;Lithuania
2021.4638899999998;Russia;Moldova
2021.4611499999999;Russia;Bulgaria
2021.5022499999998;Bulgaria;Ukraine
2021.4693599999998;Russia;Ukraine
2021.4830699999998;Russia;Moldova
2021.46114;Russia;Moldova
2021.4995;Russia;Ukraine
2021.3707299999999;Russia;Latvia
2021.4830599999998;Latvia;Japan
2021.29399;South Africa;United Kingdom
2021.3268699999999;South Africa;Algeria
2021.4063199999998;Algeria;France
2021.05359;South Africa;Portugal
2021.23695;Portugal;Nigeria
2021.3339199999998;Nigeria;Algeria
2021.4693399999999;Nigeria;Lebanon
2021.4159599999998;Portugal;United Kingdom
2021.5241299999998;United Kingdom;Poland
2021.36133;Portugal;Bulgaria
2021.5125199999998;Bulgaria;France
2021.5542699999999;France;Austria
2021.2227599999999;Portugal;Luxembourg
2021.5433099999998;Luxembourg;Denmark
2021.49947;Luxembourg;Andorra
2021.5241299999998;Luxembourg;Switzerland
2021.4665899999998;Luxembourg;Ireland
2021.4372199999998;Luxembourg;Norway
2021.5679699999998;Norway;Netherlands
2021.4830399999998;Norway;Malta
2021.4193699999998;Portugal;Malta
2021.5707;Malta;Italy
2021.49947;Malta;Slovenia
2021.5734499999999;Malta;Switzerland
2021.48022;Malta;Slovenia
2021.52688;Malta;Slovenia
2021.4666;Malta;Spain
2021.51866;Malta;Monaco
2021.5213999999999;Monaco;Austria
2021.5405799999999;Austria;Guadeloupe
2021.32277;Portugal;Australia
2021.52686;Australia;Chile
2021.0529;South Africa;India
2021.15152;South Africa;United Kingdom
2021.2693299999999;South Africa;Qatar
2021.2775399999998;South Africa;Spain
2021.3158999999998;South Africa;Israel
2021.46933;South Africa;Kuwait
2021.55974;South Africa;Italy
2021.4528899999998;South Africa;Spain
2021.41454;South Africa;Sri Lanka
2021.3432999999998;South Africa;Brazil
2021.31316;South Africa;Austria
2021.4912499999998;South Africa;Ghana
2021.28577;South Africa;Qatar
2021.48851;South Africa;Kenya
2021.4857699999998;South Africa;Lebanon
2021.21726;South Africa;Italy
2021.4583799999998;Italy;Czech Republic
2021.2446799999998;Italy;Bahrain
2021.40907;Italy;New Zealand
2021.3239999999998;Italy;Austria
2021.4528999999998;Austria;Uzbekistan
2021.5624899999998;Austria;Switzerland
2021.4446699999999;Italy;Portugal
2021.43097;Italy;Botswana
2021.5241299999998;Italy;India
2021.4857699999998;South Africa;India
2021.29125;South Africa;Ireland
2021.5898799999998;South Africa;Pakistan
2021.42356;South Africa;Israel
2021.55975;Israel;Romania
2021.42032;South Africa;Lebanon
2021.47481;Lebanon;Jordan
2021.45015;South Africa;Botswana
2021.4802799999998;South Africa;Portugal
2021.3432999999998;South Africa;Pakistan
2021.2912399999998;South Africa;Spain
2021.32686;Spain;Portugal
2021.34604;Portugal;Bangladesh
2021.4802699999998;Qatar;South Africa
2021.4830299999999;South Africa;Kenya
2021.44194;South Africa;Portugal
2021.5022;South Africa;Portugal
2021.3371699999998;South Africa;USA
2021.5898699999998;USA;Pakistan
2021.3432999999998;South Africa;Brazil
2021.3980999999999;South Africa;Bangladesh
2021.27481;South Africa;Germany
2021.4857699999998;South Africa;Portugal
2021.32413;South Africa;South Korea
2021.26659;South Africa;Angola
2021.41103;South Africa;Taiwan
2021.51316;South Africa;Monaco
2021.4583699999998;South Africa;Israel
2021.5624799999998;South Africa;Turkey
2021.4254999999998;South Africa;Botswana
2021.5241299999998;Botswana;Slovenia
2021.1381299999998;South Africa;Bosnia and Herzegovina
2021.42276;Bosnia and Herzegovina;North Macedonia
2021.3871499999998;Bosnia and Herzegovina;Jordan
2021.49399;Bosnia and Herzegovina;Slovenia
2021.29399;Bosnia and Herzegovina;Brazil
2021.44238;Qatar;South Africa
2021.3542699999998;South Africa;India
2021.45564;South Africa;Mauritius
2021.2556399999999;South Africa;Canada
2021.3076999999998;South Africa;Maldives
2021.4830399999998;South Africa;Lebanon
2021.45564;South Africa;Kenya
2021.2885199999998;South Africa;Austria
2021.3597499999998;South Africa;Brazil
2021.55702;Brazil;Norway
2021.4666;South Africa;Brazil
2021.56523;South Africa;Norway
2021.4337099999998;South Africa;Norway
2021.3350799999998;South Africa;South Korea
2021.4994599999998;South Africa;Democratic Republic of the Congo
2021.45015;South Africa;Mauritius
2021.50932;South Africa;South Sudan
2021.5569999999998;South Sudan;Czech Republic
2021.1789099999999;South Africa;India
2021.54056;South Africa;United Kingdom
2021.3871299999998;South Africa;Pakistan
2021.31908;South Africa;Qatar
2021.3569899999998;South Africa;Israel
2021.28487;South Africa;Dominican Republic
2021.54603;Dominican Republic;Italy
2021.04362;South Africa;India
2021.34604;India;Sri Lanka
2021.2647499999998;India;Romania
2021.3844;Romania;Finland
2021.43645;Romania;Finland
2021.23778;India;Switzerland
2021.29125;Switzerland;France
2021.31864;Switzerland;Australia
2021.27207;India;Australia
2021.5021399999998;Rwanda;South Africa
2021.4720699999998;South Africa;Kenya
2021.54604;India;Guatemala
2021.41815;India;Malta
2021.3186899999998;India;Israel
2021.2967399999998;India;Spain
2021.27208;India;Oman
2021.4872599999999;India;Maldives
2021.25417;South Africa;Netherlands
2021.2775299999998;South Africa;Germany
2021.3034699999998;South Africa;Nigeria
2021.5843699999998;Nigeria;Hong Kong
2021.2583599999998;South Africa;Netherlands
2021.4156999999998;South Africa;Portugal
2021.5157599999998;Portugal;Sweden
2021.32333;South Africa;Guadeloupe
2021.4078299999999;Guadeloupe;France
2021.54055;France;Guadeloupe
2021.3761599999998;South Africa;Bahrain
2021.5432799999999;South Africa;USA
2021.2873399999999;South Africa;Israel
2021.34054;Israel;Indonesia
2021.33872;Israel;Bulgaria
2021.45561;Bulgaria;Belgium
2021.32153;Israel;Australia
2021.54876;Australia;Maldives
2021.3322999999998;Singapore;South Africa
2021.4994399999998;South Africa;Lebanon
2021.43086;South Africa;Brazil
2021.54054;Brazil;South Korea
2021.3761599999998;South Africa;Spain
2021.5651999999998;South Africa;Armenia
2021.3629999999998;South Africa;Switzerland
2021.46383;South Africa;Portugal
2021.43096;South Africa;Nepal
2021.41725;South Africa;India
2021.5597099999998;South Africa;Romania
2021.30218;South Africa;India
2021.4281999999998;South Africa;Bangladesh
2021.43094;South Africa;Botswana
2021.2937499999998;South Africa;Spain
2021.52136;South Africa;Spain
2021.46382;South Africa;Bangladesh
2021.28568;South Africa;Sri Lanka
2021.2445799999998;South Africa;Bangladesh
2021.4008099999999;Bangladesh;India
2021.2485599999998;South Africa;Botswana
2021.5377899999999;Botswana;Switzerland
2021.4227199999998;Botswana;Switzerland
2021.3432799999998;South Africa;Brazil
2021.30496;South Africa;Bangladesh
2021.3706699999998;South Africa;Portugal
2021.29396;South Africa;Italy
2021.29396;South Africa;Israel
2021.50766;Israel;Nigeria
2021.29396;South Africa;Bangladesh
2021.26382;South Africa;Qatar
2021.37188;South Africa;Botswana
2021.3432799999998;South Africa;Brazil
2021.5186199999998;South Africa;Portugal
2021.4446699999999;South Africa;Algeria
2021.1080399999998;South Africa;Turkey
2021.4501099999998;Spain;South Africa
2021.5022;Turkey;Czech Republic
2021.4528899999998;Turkey;Uzbekistan
2021.36522;Turkey;Czech Republic
2021.3239299999998;Turkey;Greece
2021.3707;Greece;Latvia
2021.2830199999999;Turkey;Finland
2021.38477;Switzerland;South Africa
2021.4885;Turkey;India
2021.56521;Turkey;Czech Republic
2021.4961099999998;South Africa;Sweden
2021.5158999999999;Sweden;Slovakia
2021.55152;Sweden;Hong Kong
2021.3816499999998;South Africa;Indonesia
2021.42275;South Africa;Democratic Republic of the Congo
2021.46932;South Africa;Uganda
2021.5295999999998;South Africa;Poland
2021.55974;South Africa;Hong Kong
2021.4145299999998;South Africa;USA
2021.31316;South Africa;Czech Republic
2021.43097;South Africa;Uganda
2021.56521;South Africa;Hong Kong
2021.4063099999998;South Africa;Uganda
2021.3104199999998;South Africa;France
2021.2281699999999;South Africa;Malaysia
2021.5486999999998;Malaysia;New Zealand
2021.3295999999998;South Africa;India
2021.2961099999998;South Africa;Belgium
2021.43096;Belgium;Austria
2021.4336999999998;Austria;South Sudan
2021.42274;South Africa;Slovenia
2021.5624699999998;South Africa;United Kingdom
2021.5542599999999;South Africa;United Kingdom
2021.45015;South Africa;Uganda
2021.29398;South Africa;Italy
2021.50768;South Africa;Bahrain
2021.52138;South Africa;Bulgaria
2021.4720599999998;South Africa;Chile
2021.48302;South Africa;Nepal
2021.2967199999998;South Africa;Kenya
2021.52137;South Africa;Hong Kong
2021.4283699999999;South Africa;Poland
2021.4994499999998;Poland;United Kingdom
2021.1628899999998;South Africa;USA
2021.4802799999998;USA;Bosnia and Herzegovina
2021.43097;Turkey;South Africa
2021.3899299999998;USA;Ecuador
2021.5761699999998;USA;Denmark
2021.4857599999998;USA;Costa Rica
2021.1500199999998;Turkey;South Africa
2021.5295999999998;South Africa;Canada
2021.54056;USA;Hong Kong
2021.56522;USA;New Zealand
2021.4923;USA;Guatemala
2021.55974;USA;Guatemala
2021.5171999999998;USA;Chile
2021.4307299999998;USA;Canada
2021.40086;USA;Chile
2021.5624799999998;Chile;Canada
2021.5707;Chile;Canada
2021.4795499999998;Chile;Ecuador
2021.52138;Ecuador;Hong Kong
2021.5049399999998;Chile;Costa Rica
2021.5432999999998;Chile;Canada
2021.5295999999998;Chile;Canada
2021.5378199999998;Chile;Canada
2021.46201;Chile;Canada
2021.5624699999998;Canada;Guatemala
2021.46932;Canada;Costa Rica
2021.45015;South Africa;Mauritius
2021.45015;South Africa;Mauritius
2021.28711;South Africa;Uganda
2021.54056;Uganda;Switzerland
2021.4665899999998;Uganda;South Sudan
2021.30768;South Africa;Germany
2021.5241199999998;South Africa;Armenia
2021.3816599999998;South Africa;Qatar
2021.28254;South Africa;Ghana
2021.3953499999998;South Africa;Uganda
2021.3076899999999;South Africa;Denmark
2021.3542599999998;South Africa;Singapore
2021.54604;Singapore;Sri Lanka
2021.5022;South Africa;Uganda
2021.5706899999998;South Africa;United Kingdom
2021.3213799999999;South Africa;South Korea
2021.2884999999999;South Africa;Norway
2021.1957599999998;South Africa;India
2021.38439;India;Finland
2021.25382;South Africa;Poland
2021.52138;Poland;Croatia
2021.48302;Poland;Armenia
2021.3734299999999;Poland;Lithuania
2021.46932;Poland;Ukraine
2021.37069;Poland;Latvia
2021.1700999999998;South Africa;Kenya
2021.55425;Kenya;Switzerland
2021.4857499999998;Kenya;Sri Lanka
2021.5651999999998;Kenya;Lithuania
2021.3871199999999;Kenya;Nepal
2021.4473899999998;Kenya;Hong Kong
2021.2232099999999;Kenya;Sri Lanka
2021.4336999999998;Sri Lanka;New Zealand
2021.3158899999999;Sri Lanka;Senegal
2021.54054;Sri Lanka;India
2021.4610899999998;Sri Lanka;Denmark
2021.5049399999998;Kenya;South Korea
2021.22275;Kenya;Senegal
2021.41988;Senegal;Brazil
2021.28029;Kenya;Germany
2021.4830299999999;Kenya;Lebanon
2021.3114899999998;Kenya;Peru
2021.5487799999999;Peru;Chile
2021.4798199999998;South Africa;Turkey
2021.32389;South Africa;Turkey
2021.4967199999999;Turkey;Greece
2021.58439;Greece;Netherlands
2021.4469399999998;Turkey;Israel
2021.5186399999998;Israel;Denmark
2021.5569899999998;Israel;Slovakia
2021.29921;South Africa;Turkey
2021.4528799999998;Turkey;Uzbekistan
2021.4528799999998;Turkey;Uzbekistan
2021.5898699999998;Turkey;Pakistan
2021.5624799999998;Turkey;Pakistan
2021.5542599999999;Turkey;Norway
2021.4528899999998;Turkey;Uzbekistan
2021.5624799999998;Turkey;Armenia
2021.5542599999999;Turkey;Hong Kong
2021.45014;South Africa;Mauritius
2021.5378099999998;South Africa;Pakistan
2021.4802799999998;South Africa;Uganda
2021.3542499999999;South Africa;Australia
2021.4802799999998;South Africa;Bangladesh
2021.28576;South Africa;Germany
2021.55425;South Africa;Luxembourg
2021.36521;South Africa;Denmark
2021.2638299999999;South Africa;Luxembourg
2021.3752499999998;South Africa;Canada
2021.43644;South Africa;India
2021.2967099999998;South Africa;United Kingdom
2021.44192;South Africa;Brazil
2021.4720599999998;South Africa;Kenya
2021.4473999999998;South Africa;Uganda
2021.3432899999998;South Africa;Brazil
2021.4063099999998;South Africa;Uganda
2021.29398;South Africa;United Kingdom
2021.3104199999998;South Africa;Vietnam
2021.2884999999999;South Africa;Denmark
2021.3652;South Africa;France
2021.2235699999999;South Africa;Iran
2021.3871199999999;Iran;Jordan
2021.47479;South Africa;Bangladesh
2021.5295899999999;South Africa;India
2021.2967099999998;South Africa;Iran
2021.29939;South Africa;Belgium
2021.4473999999998;South Africa;Slovakia
2021.2198199999998;South Africa;USA
2021.51588;USA;Bangladesh
2021.29945;USA;Japan
2021.3103999999998;USA;Czech Republic
2021.28281;USA;India
2021.3706799999998;USA;Poland
2021.4117299999998;USA;Bosnia and Herzegovina
2021.2967099999998;South Africa;France
2021.50767;South Africa;Bahrain
2021.4336999999998;South Africa;Botswana
2021.4610899999998;South Africa;Belgium
2021.2870699999999;South Africa;Nepal
2021.4473999999998;South Africa;Algeria
2021.42706;South Africa;United Kingdom
2021.4583599999999;United Kingdom;Romania
2021.4528799999998;South Africa;Germany
2021.4775399999999;South Africa;Nepal
2021.26886;South Africa;Uganda
2021.3953499999998;Uganda;Slovenia
2021.3624699999998;Uganda;Australia
2021.4336999999998;Australia;South Sudan
2021.2527599999999;South Africa;Belgium
2021.32425;Belgium;Lebanon
2021.49671;Lebanon;Netherlands
2021.35754;Belgium;Turkey
2021.43644;Belgium;Sri Lanka
2021.4446599999999;Belgium;Netherlands
2021.36691;Belgium;Slovakia
2021.49397;Slovakia;Canada
2021.3036499999998;Belgium;Israel
2021.4391799999999;Belgium;Morocco
2021.57891;Belgium;Germany
2021.4394799999998;South Africa;Pakistan
2021.22571;South Africa;Malaysia
2021.28576;Malaysia;South Korea
2021.53234;Malaysia;Singapore
2021.54603;Uganda;South Africa
2021.4576299999999;South Africa;Belgium
2021.5186299999998;Belgium;Monaco
2021.5624699999998;Belgium;Spain
2021.55243;Belgium;Hong Kong
2021.49397;South Africa;Uganda
2021.38439;South Africa;Denmark
2021.37891;South Africa;Canada
2021.41178;South Africa;Norway
2021.3001199999999;South Africa;USA
2021.3934299999999;USA;Costa Rica
2021.54603;Costa Rica;Mexico
2021.55973;USA;Chile
2021.5295999999998;USA;Monaco
2021.51973;USA;Hong Kong
2021.5049299999998;South Africa;Romania
2021.5432799999999;South Africa;Turkey
2021.46931;South Africa;Uganda
2021.40356;South Africa;Canada
2021.29514;South Africa;Uganda
2021.27479;South Africa;Portugal
2021.2605999999998;South Africa;Qatar
2021.2771599999999;USA;South Africa
2021.46384;South Africa;Kenya
2021.5323299999998;South Africa;Germany
2021.3627399999998;South Africa;Uganda
2021.4473999999998;South Africa;Uganda
2021.29134;South Africa;Uganda
2021.5131499999998;Uganda;South Sudan
2021.5323299999998;Uganda;South Sudan
2021.55694;USA;South Africa
2021.2967199999998;South Africa;United Kingdom
2021.4802799999998;South Africa;Lebanon
2021.2830199999999;South Africa;Singapore
2021.5104199999998;South Africa;Bahrain
2021.27481;South Africa;Vietnam
2021.4391899999998;South Africa;Bosnia and Herzegovina
2021.30206;South Africa;Australia
2021.48365;South Africa;Kosovo
2021.3816499999998;South Africa;Netherlands
2021.3624799999998;South Africa;Netherlands
2021.5487799999999;South Africa;Japan
2021.5542599999999;South Africa;India
2021.38987;South Africa;Pakistan
2021.5569999999998;South Africa;India
2021.2309699999998;South Africa;Denmark
2021.4528899999998;South Africa;Uzbekistan
2021.4638499999999;South Africa;USA
2021.2775499999998;South Africa;China
2021.3926199999999;South Africa;Spain
2021.43097;South Africa;Botswana
2021.56522;South Africa;Japan
2021.4912499999998;South Africa;Pakistan
2021.3926199999999;South Africa;Nepal
2021.56523;South Africa;United Kingdom
2021.2566199999999;South Africa;Japan
2021.37891;Japan;Zambia
2021.30768;Japan;Italy
2021.3679499999998;Japan;Zambia
2021.5186399999998;USA;South Africa
2021.3213799999999;Japan;Qatar
2021.4857699999998;Japan;Bulgaria
2021.3679599999998;Japan;Zambia
2021.2775499999998;Japan;Sweden
2021.2967299999998;Sweden;France
2021.3520899999999;Sweden;Germany
2021.43646;Germany;South Sudan
2021.47482;Germany;Malta
2021.4885199999999;Germany;Kuwait
2021.5816499999999;South Africa;United Kingdom
2021.34325;South Africa;Burundi
2021.43097;Burundi;South Sudan
2021.50768;Burundi;Uganda
2021.53234;South Africa;South Sudan
2021.44193;South Africa;Kenya
2021.4337099999998;South Africa;South Sudan
2021.5569999999998;South Africa;Ireland
2021.46933;South Africa;Kenya
2021.4720599999998;South Africa;Uganda
2021.5624799999998;South Africa;USA
2021.28426;South Africa;Qatar
2021.3569899999998;Qatar;India
2021.45562;Qatar;Botswana
2021.40357;Qatar;South Sudan
2021.42275;Qatar;Algeria
2021.29946;Qatar;Ireland
2021.30802;Ireland;Australia
2021.4870999999998;USA;South Africa
2021.4446699999999;South Africa;South Sudan
2021.5022;South Africa;India
2021.32686;Australia;Algeria
2021.33782;Algeria;Germany
2021.38987;Germany;Qatar
2021.50489;Vietnam;South Africa
2021.50769;South Africa;Belgium
2021.3432899999998;South Africa;India
2021.38438;South Africa;Sweden
2021.29945;South Africa;Japan
2021.43643;South Africa;Botswana
2021.2748;South Africa;Qatar
2021.5515099999998;South Africa;Hong Kong
2021.3104199999998;South Africa;Australia
2021.4337099999998;Australia;USA
2021.3104199999998;South Africa;Poland
2021.45015;South Africa;Mauritius
2021.4282199999998;South Africa;France
2021.4391799999999;South Africa;India
2021.39809;South Africa;Canada
2021.4720599999998;South Africa;Kenya
2021.3761699999998;South Africa;Austria
2021.44192;South Africa;France
2021.48302;South Africa;South Sudan
2021.37888;South Africa;Kenya
2021.3926099999999;South Africa;Nepal
2021.4446599999999;South Africa;Rwanda
2021.3460499999999;South Africa;New Zealand
2021.3980999999999;South Africa;Qatar
2021.4857699999998;South Africa;Rwanda
2021.34035;South Africa;Pakistan
2021.45015;South Africa;Mauritius
2021.4638499999999;South Africa;Bangladesh
2021.4337099999998;South Africa;Democratic Republic of the Congo
2021.34162;South Africa;France
2021.3844;France;Burundi
2021.40251;South Africa;Italy
2021.36855;South Africa;Qatar
2021.38988;South Africa;Bangladesh
2021.55152;South Africa;Armenia
2021.28028;South Africa;USA
2021.25289;South Africa;Ireland
2021.0748099999998;South Africa;Germany
2021.4830399999998;South Africa;Romania
2021.4254899999999;South Africa;Botswana
2021.48851;South Africa;Sweden
2021.4555699999999;South Africa;Georgia
2021.43097;South Africa;Mauritius
2021.35594;South Africa;Botswana
2021.4126399999998;South Africa;Botswana
2021.48302;South Africa;Serbia
2021.4528999999998;South Africa;Botswana
2021.41455;South Africa;China